City Name,Max Temperature,Latitude,% Cloudiness,% Humidity,Wind Speed
Port Alfred,60.32,-33.59,95,0,5.64
Port Elizabeth,50,39.31,93,90,9.44
Kieta,83.18,-6.22,98,8,2.39
Airai,73.41,-8.93,91,92,1.72
Hurricane,48.2,37.18,19,1,2.17
New Norfolk,62.6,-42.78,45,20,6.93
Zaria,78.14,11.11,42,36,5.86
Castro,61.49,-42.48,95,92,1.72
Lagoa,55.4,37.14,100,75,9.17
Georgetown,75.2,6.8,88,75,4.7
Leningradskiy,4.43,69.38,97,56,31.36
Dikson,3.08,73.51,87,32,19.17
Zambezi,70.4,-13.55,81,68,8.1
Albany,41,42.65,80,90,8.05
Mataura,57.93,-46.19,79,48,7.76
Zhezkazgan,26.6,47.8,100,90,11.18
Mahebourg,77,-20.41,94,40,6.42
Pangody,-23.21,65.85,35,44,3.4
Albany,41,42.65,80,90,8.05
Thompson,8.6,55.74,84,75,6.93
Namibe,76.29,-15.19,100,0,5.86
Busselton,66.21,-33.64,100,20,12.35
Hermanus,50.73,-34.42,84,0,5.3
Rikitea,79.04,-23.12,100,0,9.22
Sao Joao da Barra,78.63,-21.64,100,92,10.67
College,10.4,64.86,65,75,12.75
Esperance,75.2,10.24,83,75,5.82
Longyearbyen,39.2,78.22,64,40,20.8
Nago,30.2,45.88,84,90,11.41
Bursa,37.4,40.18,86,40,13.87
Busselton,66.21,-33.64,100,20,12.35
Port Alfred,60.32,-33.59,95,0,5.64
Hermanus,50.73,-34.42,84,0,5.3
Jalu,59.24,29.03,74,0,7.76
Kaitangata,56.45,-46.28,78,56,12.8
Keflavik,46.4,64,93,75,36.91
Cabo San Lucas,69.8,22.89,52,20,10.29
The Valley,75.2,18.22,73,20,11.41
Geraldton,23,49.72,92,90,9.17
Kogon,55.4,39.73,82,90,9.17
Coahuayana,84.48,18.62,27,0,2.73
Bonfim,68.28,-20.33,89,80,4.74
Cockburn Town,75.98,21.46,100,80,19.73
Georgetown,75.2,6.8,88,75,4.7
Vaini,59.19,15.34,38,0,5.08
Port Alfred,60.32,-33.59,95,0,5.64
Ushuaia,55.4,-54.81,50,40,18.34
Nanortalik,11.76,60.14,100,0,13.91
Iqaluit,3.2,63.75,71,20,13.87
Nome,71.6,30.04,93,90,14.99
Cooma,52.76,-36.24,100,92,5.97
San Patricio,79.49,-26.98,61,44,4.18
Airai,73.41,-8.93,91,92,1.72
Cape Town,62.6,-33.93,63,0,9.17
Rikitea,79.04,-23.12,100,0,9.22
Vaini,59.19,15.34,38,0,5.08
Ushuaia,55.4,-54.81,50,40,18.34
Provideniya,3.2,64.42,71,75,13.42
Ribeira Grande,57.53,38.52,100,92,40.87
Mar del Plata,75.26,-46.43,36,0,10
Khatanga,-22.71,71.98,34,0,11.23
Kaeo,74.31,-35.1,67,8,7.2
Beaverlodge,26.6,55.21,73,90,9.17
Rikitea,79.04,-23.12,100,0,9.22
Vaitape,83.31,-16.52,96,48,13.69
Longyearbyen,39.2,78.22,64,40,20.8
Puerto Ayora,78.8,-0.74,78,75,3.36
Bluff,73.82,-23.58,100,88,4.63
Makasar,77,-6.28,94,40,3.4
Hobart,62.6,-42.88,45,20,6.93
Anadyr,-16.61,64.73,75,8,11.18
Lobito,65.36,-12.35,94,0,2.39
Pont-Audemer,30.2,49.35,50,0,10.29
Butaritari,82.82,3.07,100,80,15.7
Marondera,64.4,-18.19,93,0,5.82
Vestmannaeyjar,44.21,63.44,90,80,30.24
Cidreira,73.01,-30.17,78,24,10.78
Rikitea,79.04,-23.12,100,0,9.22
Provideniya,3.2,64.42,71,75,13.42
Albany,41,42.65,80,90,8.05
Mahebourg,77,-20.41,94,40,6.42
Mataura,57.93,-46.19,79,48,7.76
Malanje,68.28,-9.54,87,92,5.19
Chuy,66.62,-33.69,85,8,7.65
Bathsheba,77.69,13.22,100,0,17.27
Jamestown,64.19,-33.21,68,0,5.64
Padang,82.59,-0.92,100,12,4.29
Soubre,77.64,5.79,83,88,5.86
Rikitea,79.04,-23.12,100,0,9.22
Rikitea,79.04,-23.12,100,0,9.22
Jamestown,64.19,-33.21,68,0,5.64
Tuktoyaktuk,5,69.44,84,90,32.21
Bredasdorp,64.4,-34.53,63,0,12.75
Cleburne,66.2,32.35,59,1,8.05
Harer,17.88,42.19,75,20,7.87
Mataura,57.93,-46.19,79,48,7.76
Hermanus,50.73,-34.42,84,0,5.3
Oussouye,68,12.49,82,0,4.7
Broome,32,52.47,77,36,10.29
Laguna,71.6,27.52,33,75,9.17
Rikitea,79.04,-23.12,100,0,9.22
Nhulunbuy,87.8,-12.18,66,40,6.93
Tromso,10.4,69.65,78,0,3.36
The Valley,75.2,18.22,73,20,11.41
Mar del Plata,75.26,-46.43,36,0,10
Puerto Ayora,78.8,-0.74,78,75,3.36
Abu Kamal,51.5,34.45,80,76,6.08
Nikolskoye,8.6,59.7,65,75,2.24
Carnarvon,48.17,-30.97,60,0,11.45
Mataura,57.93,-46.19,79,48,7.76
Zarya,20.18,45.67,92,92,10.11
Santa Helena,72.24,-2.23,97,76,3.06
Puerto Ayora,78.8,-0.74,78,75,3.36
Rikitea,79.04,-23.12,100,0,9.22
Bonthe,78.95,7.53,76,0,6.2
Vardo,51.8,39.62,100,1,3.36
Mar del Plata,75.26,-46.43,36,0,10
Nikolskoye,8.6,59.7,65,75,2.24
Albany,41,42.65,80,90,8.05
Buraydah,59,26.33,87,0,5.82
Muhos,17.6,64.81,85,76,9.17
Chagoda,-7.28,59.16,77,48,2.73
Punta Arenas,57.2,-53.16,54,75,16.11
Jonkoping,19.4,57.78,85,75,12.75
Port Augusta,69.8,-32.49,56,0,6.93
Quang Ngai,66.03,15.12,98,100,2.73
Mahebourg,77,-20.41,94,40,6.42
Saint-Philippe,37.4,45.36,86,40,24.16
Port Alfred,60.32,-33.59,95,0,5.64
Qaanaaq,-8.45,77.48,94,48,11.9
College,10.4,64.86,65,75,12.75
Biltine,69.81,14.53,31,0,5.75
Srivardhan,69.36,18.03,74,0,3.62
Kingaroy,75.84,-26.54,98,68,7.65
Puerto Ayora,78.8,-0.74,78,75,3.36
Sao Filipe,67.88,14.9,100,0,4.97
Mar del Plata,75.26,-46.43,36,0,10
Jamestown,64.19,-33.21,68,0,5.64
Flinders,61.08,-34.58,100,92,7.87
Yerbogachen,-12.5,61.28,78,64,3.51
Victoria,78.8,5.28,100,75,4.18
Camacha,57.2,33.08,82,75,10.29
Khatanga,-22.71,71.98,34,0,11.23
Ancud,62.12,-41.87,94,68,2.62
Tasiilaq,28.4,65.61,79,48,4.7
Xichang,33.95,27.88,86,0,1.61
Puerto Ayora,78.8,-0.74,78,75,3.36
Jamestown,64.19,-33.21,68,0,5.64
Cabedelo,77,-6.97,78,75,3.36
Cape Town,62.6,-33.93,63,0,9.17
Hermanus,50.73,-34.42,84,0,5.3
Hermanus,50.73,-34.42,84,0,5.3
Arraial do Cabo,77.6,-22.97,90,80,7.65
Salumbar,65.9,24.14,57,0,6.42
Lompoc,60.8,34.64,48,1,14.99
Mackay,30.2,53.65,68,75,9.17
Puerto Ayora,78.8,-0.74,78,75,3.36
Piacabucu,77.64,-10.41,77,0,10.22
Ushuaia,55.4,-54.81,50,40,18.34
Pisco,75.2,-13.71,73,0,20.8
Chuy,66.62,-33.69,85,8,7.65
Nanortalik,11.76,60.14,100,0,13.91
Bourail,81.78,-21.57,79,64,3.51
Antofagasta,69.8,-23.65,73,20,10.29
Hilo,77,19.71,78,90,11.41
Gushikawa,66.2,26.35,68,90,16.11
Paamiut,13.43,61.99,100,0,18.72
Wanaka,56.58,-44.7,58,0,2.62
Hilo,77,19.71,78,90,11.41
Ushuaia,55.4,-54.81,50,40,18.34
Husavik,18.92,50.56,85,32,5.75
Shagonar,3.8,51.54,80,68,2.62
Port Elizabeth,50,39.31,93,90,9.44
Rikitea,79.04,-23.12,100,0,9.22
Ushuaia,55.4,-54.81,50,40,18.34
Rikitea,79.04,-23.12,100,0,9.22
Tuktoyaktuk,5,69.44,84,90,32.21
Mataura,57.93,-46.19,79,48,7.76
Fortuna,44.6,38.18,56,0,6.93
Ushuaia,55.4,-54.81,50,40,18.34
Clovis,62.6,36.83,26,1,6.87
Bredasdorp,64.4,-34.53,63,0,12.75
Matamoros,80.6,25.87,83,40,11.41
Ushuaia,55.4,-54.81,50,40,18.34
Raudeberg,35.6,61.99,100,92,4.7
Rikitea,79.04,-23.12,100,0,9.22
Albany,41,42.65,80,90,8.05
Vaini,59.19,15.34,38,0,5.08
Gobabis,66.2,-22.45,45,0,2.24
Vaini,59.19,15.34,38,0,5.08
Lorengau,84.08,-2.02,97,0,4.63
Kununurra,84.2,-15.77,74,40,8.05
Hermanus,50.73,-34.42,84,0,5.3
Cape Town,62.6,-33.93,63,0,9.17
Airai,73.41,-8.93,91,92,1.72
Vaini,59.19,15.34,38,0,5.08
Necochea,72.51,-38.55,55,0,10
Bluff,73.82,-23.58,100,88,4.63
New Norfolk,62.6,-42.78,45,20,6.93
Koslan,-6.69,63.46,60,36,5.08
Kushiro,24.8,43.11,45,20,5.82
Melivoia,37.4,41.33,92,90,16.11
Atuona,82.37,-9.8,97,8,13.47
Avarua,84.2,-21.21,74,40,11.41
Ratnagiri,79.89,16.98,94,0,6.64
Plettenberg Bay,64.37,-34.05,100,0,13.24
Tasiilaq,28.4,65.61,79,48,4.7
Arraial do Cabo,77.6,-22.97,90,80,7.65
Ushuaia,55.4,-54.81,50,40,18.34
Hobart,62.6,-42.88,45,20,6.93
Yellowknife,5,62.45,71,20,4.7
Kaka,42.86,37.35,100,88,1.5
Puerto Ayora,78.8,-0.74,78,75,3.36
Punta Arenas,57.2,-53.16,54,75,16.11
Bambous Virieux,77,-20.34,94,40,6.42
Suntar,-22.94,62.16,68,20,4.18
Mataura,57.93,-46.19,79,48,7.76
Hermanus,50.73,-34.42,84,0,5.3
Kapaa,73.4,22.08,94,90,4.7
Atar,59.73,20.52,59,0,7.87
Ust-Maya,-32.39,60.42,56,0,2.62
Ushuaia,55.4,-54.81,50,40,18.34
Bambous Virieux,77,-20.34,94,40,6.42
Vestmannaeyjar,44.21,63.44,90,80,30.24
Kieta,83.18,-6.22,98,8,2.39
Nikolskoye,8.6,59.7,65,75,2.24
Atuona,82.37,-9.8,97,8,13.47
Adelaide,64.4,-34.93,55,0,8.05
Hirara,68,24.8,77,75,13.87
Williston,28.4,48.15,63,1,11.41
Grand Island,42.8,40.92,59,1,8.05
Hualmay,70.85,-11.1,77,36,4.63
Clyde River,-23.81,70.47,67,90,2.24
Mataura,57.93,-46.19,79,48,7.76
San Patricio,79.49,-26.98,61,44,4.18
Albany,41,42.65,80,90,8.05
Ushuaia,55.4,-54.81,50,40,18.34
Mataura,57.93,-46.19,79,48,7.76
Hilo,77,19.71,78,90,11.41
Kemi,15.8,65.74,85,90,11.41
Vaini,59.19,15.34,38,0,5.08
Hobart,62.6,-42.88,45,20,6.93
Rikitea,79.04,-23.12,100,0,9.22
Rikitea,79.04,-23.12,100,0,9.22
Norman Wells,8.6,65.28,78,75,4.7
Busselton,66.21,-33.64,100,20,12.35
Necochea,72.51,-38.55,55,0,10
Tala,78.8,20.65,21,40,14.99
Padang,82.59,-0.92,100,12,4.29
Guerrero Negro,71.48,27.97,34,0,3.62
Lima,62.88,-12.06,77,88,2.51
Albany,41,42.65,80,90,8.05
Danville,66.2,36.59,72,90,5.82
Fortuna,44.6,38.18,56,0,6.93
Tuktoyaktuk,5,69.44,84,90,32.21
Peniche,51.8,39.36,87,0,4.7
Mataura,57.93,-46.19,79,48,7.76
Severo-Kurilsk,24.5,50.68,100,20,12.91
Geraldton,23,49.72,92,90,9.17
Rorvik,11.94,64.86,100,0,5.86
Rikitea,79.04,-23.12,100,0,9.22
Bambous Virieux,77,-20.34,94,40,6.42
Abnub,61.71,27.27,50,44,3.18
Mataura,57.93,-46.19,79,48,7.76
Upernavik,-2.6,72.79,99,44,15.82
Airai,73.41,-8.93,91,92,1.72
Hithadhoo,83.63,-0.6,100,48,3.62
Caravelas,81.69,-17.73,100,76,14.58
Punta Arenas,57.2,-53.16,54,75,16.11
Rikitea,79.04,-23.12,100,0,9.22
Bilibino,-18.84,68.06,79,36,3.18
Rikitea,79.04,-23.12,100,0,9.22
Avarua,84.2,-21.21,74,40,11.41
Davlekanovo,5,54.22,84,90,4.47
Chanthaburi,75.2,12.61,100,40,4.07
Busselton,66.21,-33.64,100,20,12.35
Chapais,23,49.78,92,90,17.22
Vanavara,-9.39,60.35,66,68,3.18
Berlevag,29.72,70.86,100,88,11.56
Bluff,73.82,-23.58,100,88,4.63
Tura,61.13,25.52,97,88,2.28
Prince Rupert,39.2,54.32,93,90,11.41
Hilo,77,19.71,78,90,11.41
Dikson,3.08,73.51,87,32,19.17
Nikolskoye,8.6,59.7,65,75,2.24
Rikitea,79.04,-23.12,100,0,9.22
Bilma,66.48,18.69,45,0,2.84
Kalabo,65.94,-15,96,92,6.64
Henties Bay,58.97,-22.12,100,0,2.39
Iquitos,75.2,-3.75,83,90,11.41
Hermanus,50.73,-34.42,84,0,5.3
Punta Arenas,57.2,-53.16,54,75,16.11
Moose Factory,30.2,51.26,86,90,12.75
Butaritari,82.82,3.07,100,80,15.7
Salinopolis,78.81,-0.61,100,80,8.21
Kapaa,73.4,22.08,94,90,4.7
Cape Town,62.6,-33.93,63,0,9.17
Marsa Matruh,57.93,31.35,48,92,10.89
Punta Arenas,57.2,-53.16,54,75,16.11
Torbay,15.8,47.66,72,20,12.75
Zhezkazgan,26.6,47.8,100,90,11.18
Bluff,73.82,-23.58,100,88,4.63
Lebu,54.47,8.96,82,88,0.94
Takoradi,79.4,4.89,99,44,6.76
Ponta do Sol,67.34,-20.63,99,92,3.18
Bambous Virieux,77,-20.34,94,40,6.42
Rikitea,79.04,-23.12,100,0,9.22
Rikitea,79.04,-23.12,100,0,9.22
Rikitea,79.04,-23.12,100,0,9.22
Saint-Avertin,28.4,47.36,54,0,11.41
Dikson,3.08,73.51,87,32,19.17
Busselton,66.21,-33.64,100,20,12.35
Santa Maria,72.69,-29.69,73,32,7.65
Provideniya,3.2,64.42,71,75,13.42
Tual,80.48,-5.67,100,64,13.47
Atuona,82.37,-9.8,97,8,13.47
Busselton,66.21,-33.64,100,20,12.35
Georgetown,75.2,6.8,88,75,4.7
Ausa,58.79,18.25,66,0,3.85
Souillac,32,45.6,67,0,12.75
Chokurdakh,-17.45,70.62,78,64,11.34
Adrar,60.8,27.87,31,0,8.05
Rikitea,79.04,-23.12,100,0,9.22
Cape Town,62.6,-33.93,63,0,9.17
Albany,41,42.65,80,90,8.05
Mahebourg,77,-20.41,94,40,6.42
Riachao das Neves,70.4,-11.75,92,24,2.84
Provideniya,3.2,64.42,71,75,13.42
Vaini,59.19,15.34,38,0,5.08
Flinders,61.08,-34.58,100,92,7.87
Ushuaia,55.4,-54.81,50,40,18.34
Mataura,57.93,-46.19,79,48,7.76
Hamilton,68,32.3,82,75,12.75
Ushuaia,55.4,-54.81,50,40,18.34
Bluff,73.82,-23.58,100,88,4.63
Hambantota,78.95,6.12,100,8,11.45
Ushuaia,55.4,-54.81,50,40,18.34
Hami,27.2,42.84,70,64,4.74
Kapaa,73.4,22.08,94,90,4.7
Albany,41,42.65,80,90,8.05
Veshenskaya,9.56,49.63,83,80,6.2
Ponta do Sol,67.34,-20.63,99,92,3.18
Ushuaia,55.4,-54.81,50,40,18.34
Cape Town,62.6,-33.93,63,0,9.17
Busselton,66.21,-33.64,100,20,12.35
Bluff,73.82,-23.58,100,88,4.63
Grand Gaube,77,-20.01,94,40,11.45
Bethel,14,60.79,85,90,11.41
Yumen,19.28,40.29,57,48,8.32
New Norfolk,62.6,-42.78,45,20,6.93
Saskylakh,-33.47,71.97,61,0,4.41
Mahebourg,77,-20.41,94,40,6.42
Provideniya,3.2,64.42,71,75,13.42
Tabou,80.75,4.42,95,100,12.46
Ushuaia,55.4,-54.81,50,40,18.34
Punta Arenas,57.2,-53.16,54,75,16.11
Thompson,8.6,55.74,84,75,6.93
Faanui,82.91,-16.48,98,24,14.81
Fortuna,44.6,38.18,56,0,6.93
Bluff,73.82,-23.58,100,88,4.63
Sicuani,42.05,-14.27,97,76,2.62
Busselton,66.21,-33.64,100,20,12.35
Ponta do Sol,67.34,-20.63,99,92,3.18
Busselton,66.21,-33.64,100,20,12.35
Malaya Purga,-12.86,56.55,60,12,8.55
Rikitea,79.04,-23.12,100,0,9.22
Morro Bay,64.4,35.37,41,1,20.8
Provideniya,3.2,64.42,71,75,13.42
Fairbanks,10.4,64.84,65,75,12.75
Saldanha,22.29,41.42,74,0,2.62
Iqaluit,3.2,63.75,71,20,13.87
Myitkyina,57.08,25.38,92,44,2.39
Rikitea,79.04,-23.12,100,0,9.22
Caravelas,81.69,-17.73,100,76,14.58
Rikitea,79.04,-23.12,100,0,9.22
Acandi,78.14,8.51,83,8,2.84
Hobart,62.6,-42.88,45,20,6.93
Brighton,32,50.82,81,40,10.29
Abbiategrasso,30.2,45.4,63,75,3.36
Mataura,57.93,-46.19,79,48,7.76
Ushuaia,55.4,-54.81,50,40,18.34
Hobbs,57.2,32.7,11,1,19.46
Pimentel,74.13,-3.7,97,92,2.39
Albany,41,42.65,80,90,8.05
Garowe,65.99,8.41,92,20,6.64
Sao Joao da Barra,78.63,-21.64,100,92,10.67
Ostrovnoy,7.58,68.05,84,36,14.14
San Patricio,79.49,-26.98,61,44,4.18
Mataura,57.93,-46.19,79,48,7.76
Port Elizabeth,50,39.31,93,90,9.44
Dingle,77.28,11,92,64,10.67
Kapaa,73.4,22.08,94,90,4.7
Ballina,33.68,54.11,88,0,15.03
Mataura,57.93,-46.19,79,48,7.76
Cidreira,73.01,-30.17,78,24,10.78
Terrell,64.4,32.74,51,1,6.93
Clyde River,-23.81,70.47,67,90,2.24
Eureka,51.8,40.8,70,90,5.82
Rikitea,79.04,-23.12,100,0,9.22
Nemuro,21.2,43.32,48,20,5.82
Punta Arenas,57.2,-53.16,54,75,16.11
San Patricio,79.49,-26.98,61,44,4.18
Yellowknife,5,62.45,71,20,4.7
Hovd,21.2,63.83,61,0,9.17
Bluff,73.82,-23.58,100,88,4.63
Umm Lajj,63.69,25.02,100,64,2.39
Ridgecrest,57.2,35.62,14,1,8.05
Kapaa,73.4,22.08,94,90,4.7
Nikolskoye,8.6,59.7,65,75,2.24
Coroico,46.4,-16.19,70,20,8.05
Ushuaia,55.4,-54.81,50,40,18.34
Butaritari,82.82,3.07,100,80,15.7
Hermanus,50.73,-34.42,84,0,5.3
Manali,-14.48,32.25,48,0,1.61
Vaini,59.19,15.34,38,0,5.08
Barcelona,50,41.38,76,40,10.29
Cervo,64.19,-22.19,99,88,2.39
Labuhan,75.53,-2.54,94,48,2.84
Boysun,34.85,38.2,100,92,1.61
Togur,-4.58,58.36,68,56,2.39
Talnakh,-28.61,69.49,46,44,2.95
Mataura,57.93,-46.19,79,48,7.76
Hermanus,50.73,-34.42,84,0,5.3
Ruwi,77,23.6,78,88,8.05
Dunedin,54.51,-45.87,82,24,11.79
Bethel,14,60.79,85,90,11.41
Bluff,73.82,-23.58,100,88,4.63
Butaritari,82.82,3.07,100,80,15.7
Pisco,75.2,-13.71,73,0,20.8
Pevek,2.72,69.7,95,80,20.18
Lincoln,33.8,53.23,80,75,6.93
Kapaa,73.4,22.08,94,90,4.7
Patterson,73.4,29.69,88,90,10.29
Sitka,40.74,37.17,66,12,6.2
Ushuaia,55.4,-54.81,50,40,18.34
Kapaa,73.4,22.08,94,90,4.7
Aasiaat,-1.88,68.71,100,8,12.46
Carnarvon,48.17,-30.97,60,0,11.45
Hattiesburg,62.6,31.33,100,90,6.93
Ushuaia,55.4,-54.81,50,40,18.34
Kavieng,84.62,-2.57,100,0,4.97
Sterlibashevo,11.31,53.44,88,88,7.43
Mongoumba,73.14,3.64,96,36,2.17
Hermanus,50.73,-34.42,84,0,5.3
Faanui,82.91,-16.48,98,24,14.81
Albany,41,42.65,80,90,8.05
Kuryk,41.64,43.18,97,88,7.43
Ilam,41,33.64,86,40,4.7
Kaitangata,56.45,-46.28,78,56,12.8
Rikitea,79.04,-23.12,100,0,9.22
Talara,79.31,-4.58,62,0,9.78
Rikitea,79.04,-23.12,100,0,9.22
Clearwater,77,27.97,83,75,4.7
Lynn Haven,73.4,30.25,83,75,6.93
Port Alfred,60.32,-33.59,95,0,5.64
Yudong,33.8,35.16,64,0,1.12
Mar del Plata,75.26,-46.43,36,0,10
Intipuca,81.69,13.2,82,0,4.97
Darhan,3.98,49.49,73,36,3.29
Ushuaia,55.4,-54.81,50,40,18.34
Murgab,51.8,37.5,93,90,11.41
Cidreira,73.01,-30.17,78,24,10.78
Avarua,84.2,-21.21,74,40,11.41
Pizhanka,-9.89,57.46,70,44,6.42
Los Llanos de Aridane,62.6,28.66,51,75,9.17
Carnarvon,48.17,-30.97,60,0,11.45
Rikitea,79.04,-23.12,100,0,9.22
Punta Arenas,57.2,-53.16,54,75,16.11
Geraldton,23,49.72,92,90,9.17
Pilar,73.4,-34.46,64,0,17.22
Yerbogachen,-12.5,61.28,78,64,3.51
Kapaa,73.4,22.08,94,90,4.7
Tasiilaq,28.4,65.61,79,48,4.7
Hermanus,50.73,-34.42,84,0,5.3
Cape Town,62.6,-33.93,63,0,9.17
Ostrovnoy,7.58,68.05,84,36,14.14
Mataura,57.93,-46.19,79,48,7.76
Busselton,66.21,-33.64,100,20,12.35
Oshakati,72.2,-17.78,20,12,12.57
Osa,-8.49,57.28,65,24,6.64
Krasnyy Yar,10.86,50.7,90,92,9.22
Faanui,82.91,-16.48,98,24,14.81
Palana,4.25,59.08,69,8,3.51
Bethel,14,60.79,85,90,11.41
Coahuayana,84.48,18.62,27,0,2.73
Cape Town,62.6,-33.93,63,0,9.17
Gayny,-15.29,60.3,68,44,5.97
Bredasdorp,64.4,-34.53,63,0,12.75
Constitucion,73.4,23.99,11,75,9.17
Wattegama,66.89,7.35,96,32,3.51
Bluff,73.82,-23.58,100,88,4.63
New Norfolk,62.6,-42.78,45,20,6.93
Cidreira,73.01,-30.17,78,24,10.78
Vostok,-1.61,46.45,67,20,2.62
Ossora,1.41,59.24,90,8,12.01
Husavik,18.92,50.56,85,32,5.75
Yatou,77,3.63,100,75,2.24
Bluff,73.82,-23.58,100,88,4.63
Camapua,74.31,-19.53,88,80,2.95
Suifenhe,5.78,44.39,57,44,2.62
Castro,61.49,-42.48,95,92,1.72
Busselton,66.21,-33.64,100,20,12.35
Avarua,84.2,-21.21,74,40,11.41
Bredasdorp,64.4,-34.53,63,0,12.75
Grindavik,46.4,63.84,93,75,36.91
Yellowknife,5,62.45,71,20,4.7
Ryotsu,33.8,38.08,80,40,4.7
Am Timan,80.48,11.04,27,68,5.86
Nadym,-24.87,65.53,38,68,3.4
Kavaratti,82.28,10.57,100,0,12.24
Cape Town,62.6,-33.93,63,0,9.17
Salym,-21.32,60.06,63,20,2.73
Dusetos,1.82,55.75,70,48,4.18
Pareora,60.32,-44.49,88,0,8.77
Cidreira,73.01,-30.17,78,24,10.78
Leninskoye,-14.81,54.82,75,68,3.4
Rikitea,79.04,-23.12,100,0,9.22
Kapaa,73.4,22.08,94,90,4.7
Barrow,76.52,-38.31,41,64,6.76
Saint-Philippe,37.4,45.36,86,40,24.16
San Ramon,68.69,12.92,74,64,2.73
Kamaishi,21.2,39.28,73,20,3.36
Rikitea,79.04,-23.12,100,0,9.22
Albany,41,42.65,80,90,8.05
Georgetown,75.2,6.8,88,75,4.7
Berlevag,29.72,70.86,100,88,11.56
Ponta do Sol,67.34,-20.63,99,92,3.18
Lianzhou,39.35,24.79,97,44,2.17
Leeton,70.67,-34.55,84,0,8.43
Mar del Plata,75.26,-46.43,36,0,10
Punta Arenas,57.2,-53.16,54,75,16.11
Qaanaaq,-8.45,77.48,94,48,11.9
Mankono,76.61,8.06,83,36,2.73
Ushuaia,55.4,-54.81,50,40,18.34
Mataura,57.93,-46.19,79,48,7.76
Hilo,77,19.71,78,90,11.41
Punta Arenas,57.2,-53.16,54,75,16.11
Hithadhoo,83.63,-0.6,100,48,3.62
Ushuaia,55.4,-54.81,50,40,18.34
Galesong,75.2,-5.32,94,20,2.24
Kavaratti,82.28,10.57,100,0,12.24
Rikitea,79.04,-23.12,100,0,9.22
Hilo,77,19.71,78,90,11.41
Aswan,57.89,24.09,44,0,3.18
Dali,35.3,25.6,100,12,1.72
Kununurra,84.2,-15.77,74,40,8.05
Sinnamary,78.18,5.38,99,92,10.22
Tiksi,-32.97,71.64,59,8,2.95
Thompson,8.6,55.74,84,75,6.93
South Venice,77,27.05,94,1,3.36
Aklavik,8.6,68.22,60,90,4.63
Bredasdorp,64.4,-34.53,63,0,12.75
Muros,44.6,42.77,90,0,5.82
Matara,47.27,-13.74,89,80,1.95
Arraial do Cabo,77.6,-22.97,90,80,7.65
Alofi,86,-19.06,74,92,10.29
Bluff,73.82,-23.58,100,88,4.63
Vestmannaeyjar,44.21,63.44,90,80,30.24
Lavrentiya,2.13,65.58,100,0,8.88
Lompoc,60.8,34.64,48,1,14.99
Biak,81.51,-0.91,94,20,3.29
Iglesias,28.4,42.3,86,0,1.12
Cape Town,62.6,-33.93,63,0,9.17
Albany,41,42.65,80,90,8.05
Atuona,82.37,-9.8,97,8,13.47
Ternate,82.4,14.29,69,40,12.46
Bethel,14,60.79,85,90,11.41
Thaba-Tseka,34.94,-29.52,100,20,2.39
Oktyabrskiy,-2.21,55.61,77,20,6.71
Sisimiut,-27.84,66.94,43,0,1.72
Aleksandrovskoye,-6.74,56.74,60,64,2.73
Fairbanks,10.4,64.84,65,75,12.75
Souillac,32,45.6,67,0,12.75
Ratnagiri,79.89,16.98,94,0,6.64
Leninsk,14,48.69,85,90,8.95
Bluff,73.82,-23.58,100,88,4.63
Naze,72.33,5.43,97,44,5.3
Saskylakh,-33.47,71.97,61,0,4.41
Ushuaia,55.4,-54.81,50,40,18.34
Cape Town,62.6,-33.93,63,0,9.17
Thompson,8.6,55.74,84,75,6.93
Tuktoyaktuk,5,69.44,84,90,32.21
Constitucion,73.4,23.99,11,75,9.17
Tacuarembo,74.94,-31.73,49,44,11.56
Tuktoyaktuk,5,69.44,84,90,32.21
Tuatapere,54.92,-46.13,100,56,6.64
Nikolskoye,8.6,59.7,65,75,2.24
Rikitea,79.04,-23.12,100,0,9.22
Alice Springs,80.6,-23.7,18,0,10.29
Cayenne,77,4.94,88,75,4.7
Wilmington Island,69.8,32,56,40,3.36
Cayenne,77,4.94,88,75,4.7
Castro,61.49,-42.48,95,92,1.72
Butaritari,82.82,3.07,100,80,15.7
Jamestown,64.19,-33.21,68,0,5.64
Hualmay,70.85,-11.1,77,36,4.63
Hobart,62.6,-42.88,45,20,6.93
Kamaishi,21.2,39.28,73,20,3.36
Tuktoyaktuk,5,69.44,84,90,32.21
Kapaa,73.4,22.08,94,90,4.7
Dzhebariki-Khaya,-30.23,62.22,50,0,2.62
Mount Gambier,66.98,-37.83,68,0,5.53
Arcachon,32,44.65,68,0,5.82
Narsaq,-4.01,60.91,53,0,4.7
Provideniya,3.2,64.42,71,75,13.42
Perigueux,30.2,45.18,73,0,10
Castro,61.49,-42.48,95,92,1.72
Avarua,84.2,-21.21,74,40,11.41
Vaini,59.19,15.34,38,0,5.08
Tiksi,-32.97,71.64,59,8,2.95
Punta Arenas,57.2,-53.16,54,75,16.11
Naze,72.33,5.43,97,44,5.3
Oktyabrskoye,-6.74,56.73,60,64,2.73
Bethel,14,60.79,85,90,11.41
Kapaa,73.4,22.08,94,90,4.7
Rikitea,79.04,-23.12,100,0,9.22
Albany,41,42.65,80,90,8.05
Lebu,54.47,8.96,82,88,0.94
Kelvington,16.94,52.16,84,20,8.77
Puerto Ayora,78.8,-0.74,78,75,3.36
Janesville,39.2,42.68,69,1,16.11
Puerto Ayora,78.8,-0.74,78,75,3.36
Dunedin,54.51,-45.87,82,24,11.79
Punta Arenas,57.2,-53.16,54,75,16.11
